Butt;James;New Orleans;6649 N Blue Gum St;70116;504-621-8927;jbutt@gmail.com
Darakjy;Josephine;Brighton;4 B Blue Ridge Blvd;48116;810-292-9388;josephine_darakjy@darakjy.org
Venere;Art;Bridgeport;8 W Cerritos Ave #54;8014;856-636-8749;art@venere.org
Paprocki;Lenna;Anchorage;639 Main St;99501;907-385-4412;lpaprocki@hotmail.com
Foller;Donette;Hamilton;34 Center St;45011;513-570-1893;donette.foller@cox.net
Morasca;Simona;Ashland;3 Mcauley Dr;44805;419-503-2484;simona@morasca.com
Tollner;Mitsue;Chicago;7 Eads St;60632;773-573-6914;mitsue_tollner@yahoo.com
Dilliard;Leota;San Jose;7 W Jackson Blvd;95111;408-752-3500;leota@hotmail.com
Wieser;Sage;Sioux Falls;5 Boston Ave #88;57105;605-414-2147;sage_wieser@cox.net
Marrier;Kris;Baltimore;228 Runamuck Pl #2808;21224;410-655-8723;kris@gmail.com
Amigon;Minna;Kulpsville;2371 Jerrold Ave;19443;215-874-1229;minna_amigon@yahoo.com
Maclead;Abel;Middle Island;37275 St  Rt 17m M;11953;631-335-3414;amaclead@gmail.com
Caldarera;Kiley;Los Angeles;25 E 75th St #69;90034;310-498-5651;kiley.caldarera@aol.com
Ruta;Graciela;Chagrin Falls;98 Connecticut Ave Nw;44023;440-780-8425;gruta@cox.net
Albares;Cammy;Laredo;56 E Morehead St;78045;956-537-6195;calbares@gmail.com
Poquette;Mattie;Phoenix;73 State Road 434 E;85013;602-277-4385;mattie@aol.com
Garufi;Meaghan;Mc Minnville;69734 E Carrillo St;37110;931-313-9635;meaghan@hotmail.com
Rim;Gladys;Milwaukee;322 New Horizon Blvd;53207;414-661-9598;gladys.rim@rim.org
Whobrey;Yuki;Taylor;1 State Route 27;48180;313-288-7937;yuki_whobrey@aol.com
Flosi;Fletcher;Rockford;394 Manchester Blvd;61109;815-828-2147;fletcher.flosi@yahoo.com
Nicka;Bette;Aston;6 S 33rd St;19014;610-545-3615;bette_nicka@cox.net
Inouye;Veronika;San Jose;6 Greenleaf Ave;95111;408-540-1785;vinouye@aol.com
Kolmetz;Willard;Irving;618 W Yakima Ave;75062;972-303-9197;willard@hotmail.com
Royster;Maryann;Albany;74 S Westgate St;12204;518-966-7987;mroyster@royster.com
Slusarski;Alisha;Middlesex;3273 State St;8846;732-658-3154;alisha@slusarski.com
Iturbide;Allene;Stevens Point;1 Central Ave;54481;715-662-6764;allene_iturbide@cox.net
Caudy;Chanel;Shawnee;86 Nw 66th St #8673;66218;913-388-2079;chanel.caudy@caudy.org
Chui;Ezekiel;Easton;2 Cedar Ave #84;21601;410-669-1642;ezekiel@chui.com
Kusko;Willow;New York;90991 Thorburn Ave;10011;212-582-4976;wkusko@yahoo.com
Figeroa;Bernardo;Conroe;386 9th Ave N;77301;936-336-3951;bfigeroa@aol.com
Corrio;Ammie;Columbus;74874 Atlantic Ave;43215;614-801-9788;ammie@corrio.com
Vocelka;Francine;Las Cruces;366 South Dr;88011;505-977-3911;francine_vocelka@vocelka.com
Stenseth;Ernie;Ridgefield Park;45 E Liberty St;7660;201-709-6245;ernie_stenseth@aol.com
Glick;Albina;Dunellen;4 Ralph Ct;8812;732-924-7882;albina@glick.com
Sergi;Alishia;New York;2742 Distribution Way;10025;212-860-1579;asergi@gmail.com
Shinko;Solange;Metairie;426 Wolf St;70002;504-979-9175;solange@shinko.com
Stockham;Jose;New York;128 Bransten Rd;10011;212-675-8570;jose@yahoo.com
Ostrosky;Rozella;Camarillo;17 Morena Blvd;93012;805-832-6163;rozella.ostrosky@ostrosky.com
Gillian;Valentine;San Antonio;775 W 17th St;78204;210-812-9597;valentine_gillian@gmail.com
Rulapaugh;Kati;Abilene;6980 Dorsett Rd;67410;785-463-7829;kati.rulapaugh@hotmail.com
Schemmer;Youlanda;Prineville;2881 Lewis Rd;97754;541-548-8197;youlanda@aol.com
Oldroyd;Dyan;Overland Park;7219 Woodfield Rd;66204;913-413-4604;doldroyd@aol.com
Campain;Roxane;Fairbanks;1048 Main St;99708;907-231-4722;roxane@hotmail.com
Perin;Lavera;Miami;678 3rd Ave;33196;305-606-7291;lperin@perin.org
Ferencz;Erick;Fairbanks;20 S Babcock St;99712;907-741-1044;erick.ferencz@aol.com
Saylors;Fatima;Hopkins;2 Lighthouse Ave;55343;952-768-2416;fsaylors@saylors.org
Briddick;Jina;Boston;38938 Park Blvd;2128;617-399-5124;jina_briddick@briddick.com
Waycott;Kanisha;Los Angeles;5 Tomahawk Dr;90006;323-453-2780;kanisha_waycott@yahoo.com
Bowley;Emerson;Madison;762 S Main St;53711;608-336-7444;emerson.bowley@bowley.org
Malet;Blair;Philadelphia;209 Decker Dr;19132;215-907-9111;bmalet@yahoo.com
Bolognia;Brock;New York;4486 W O St #1;10003;212-402-9216;bbolognia@yahoo.com
Nestle;Lorrie;Tullahoma;39 S 7th St;37388;931-875-6644;lnestle@hotmail.com
Uyetake;Sabra;Columbia;98839 Hawthorne Blvd #6101;29201;803-925-5213;sabra@uyetake.org
Mastella;Marjory;Wayne;71 San Mateo Ave;19087;610-814-5533;mmastella@mastella.com
Klonowski;Karl;Flemington;76 Brooks St #9;8822;908-877-6135;karl_klonowski@yahoo.com
Wenner;Tonette;Westbury;4545 Courthouse Rd;11590;516-968-6051;twenner@aol.com
Monarrez;Amber;Jenkintown;14288 Foster Ave #4121;19046;215-934-8655;amber_monarrez@monarrez.org
Seewald;Shenika;Van Nuys;4 Otis St;91405;818-423-4007;shenika@gmail.com
Ahle;Delmy;Providence;65895 S 16th St;2909;401-458-2547;delmy.ahle@hotmail.com
Juhas;Deeanna;Huntingdon Valley;14302 Pennsylvania Ave;19006;215-211-9589;deeanna_juhas@gmail.com
Pugh;Blondell;Providence;201 Hawk Ct;2904;401-960-8259;bpugh@aol.com
Vanausdal;Jamal;Monroe Township;53075 Sw 152nd Ter #615;8831;732-234-1546;jamal@vanausdal.org
Hollack;Cecily;Austin;59 N Groesbeck Hwy;78731;512-486-3817;cecily@hollack.org
Lindall;Carmelina;Littleton;2664 Lewis Rd;80126;303-724-7371;carmelina_lindall@lindall.com
Yglesias;Maurine;Milwaukee;59 Shady Ln #53;53214;414-748-1374;maurine_yglesias@yglesias.com
Buvens;Tawna;New York;3305 Nabell Ave #679;10009;212-674-9610;tawna@gmail.com
Weight;Penney;Anchorage;18 Fountain St;99515;907-797-9628;penney_weight@aol.com
Morocco;Elly;Erie;7 W 32nd St;16502;814-393-5571;elly_morocco@gmail.com
Eroman;Ilene;Glen Burnie;2853 S Central Expy;21061;410-914-9018;ilene.eroman@hotmail.com
Mondella;Vallie;Boise;74 W College St;83707;208-862-5339;vmondella@mondella.com
Blackwood;Kallie;San Francisco;701 S Harrison Rd;94104;415-315-2761;kallie.blackwood@gmail.com
Abdallah;Johnetta;Chapel Hill;1088 Pinehurst St;27514;919-225-9345;johnetta_abdallah@aol.com
Rhym;Bobbye;San Carlos;30 W 80th St #1995;94070;650-528-5783;brhym@rhym.com
Rhymes;Micaela;Concord;20932 Hedley St;94520;925-647-3298;micaela_rhymes@gmail.com
Hoogland;Tamar;London;2737 Pistorio Rd #9230;43140;740-343-8575;tamar@hotmail.com
Parlato;Moon;Wellsville;74989 Brandon St;14895;585-866-8313;moon@yahoo.com
Reitler;Laurel;Baltimore;6 Kains Ave;21215;410-520-4832;laurel_reitler@reitler.com
Crupi;Delisa;Newark;47565 W Grand Ave;7105;973-354-2040;delisa.crupi@crupi.com
Toelkes;Viva;Chicago;4284 Dorigo Ln;60647;773-446-5569;viva.toelkes@gmail.com
Lipke;Elza;Newark;6794 Lake Dr E;7104;973-927-3447;elza@yahoo.com
Chickering;Devorah;Clovis;31 Douglas Blvd #950;88101;505-975-8559;devorah@hotmail.com
Mulqueen;Timothy;Staten Island;44 W 4th St;10309;718-332-6527;timothy_mulqueen@mulqueen.org
Honeywell;Arlette;Jacksonville;11279 Loytan St;32254;904-775-4480;ahoneywell@honeywell.com
Dickerson;Dominque;Hayward;69 Marquette Ave;94545;510-993-3758;dominque.dickerson@dickerson.org
Isenhower;Lettie;Beachwood;70 W Main St;44122;216-657-7668;lettie_isenhower@yahoo.com
Munns;Myra;Euless;461 Prospect Pl #316;76040;817-914-7518;mmunns@cox.net
Barfield;Stephaine;Gardena;47154 Whipple Ave Nw;90247;310-774-7643;stephaine@barfield.com
Gato;Lai;Evanston;37 Alabama Ave;60201;847-728-7286;lai.gato@gato.org
Emigh;Stephen;Akron;3777 E Richmond St #900;44302;330-537-5358;stephen_emigh@hotmail.com
Shields;Tyra;Philadelphia;3 Fort Worth Ave;19106;215-255-1641;tshields@gmail.com
Wardrip;Tammara;Burlingame;4800 Black Horse Pike;94010;650-803-1936;twardrip@cox.net
Gibes;Cory;San Gabriel;83649 W Belmont Ave;91776;626-572-1096;cory.gibes@gmail.com
Bruschke;Danica;Waco;840 15th Ave;76708;254-782-8569;danica_bruschke@gmail.com
Giguere;Wilda;Anchorage;1747 Calle Amanecer #2;99501;907-870-5536;wilda@cox.net
Benimadho;Elvera;San Jose;99385 Charity St #840;95110;408-703-8505;elvera.benimadho@cox.net
Vanheusen;Carma;San Leandro;68556 Central Hwy;94577;510-503-7169;carma@cox.net
Hochard;Malinda;Indianapolis;55 Riverside Ave;46202;317-722-5066;malinda.hochard@yahoo.com
Fern;Natalie;Rock Springs;7140 University Ave;82901;307-704-8713;natalie.fern@hotmail.com
Centini;Lisha;Mc Lean;64 5th Ave #1153;22102;703-235-3937;lisha@centini.org
Klusman;Arlene;New Orleans;3 Secor Rd;70112;504-710-5840;arlene_klusman@gmail.com
Buemi;Alease;Boulder;4 Webbs Chapel Rd;80303;303-301-4946;alease@buemi.com
Cronauer;Louisa;San Leandro;524 Louisiana Ave Nw;94577;510-828-7047;louisa@cronauer.com
Cetta;Angella;Honolulu;185 Blackstone Bldge;96817;808-892-7943;angella.cetta@hotmail.com
Goldammer;Cyndy;Burnsville;170 Wyoming Ave;55337;952-334-9408;cgoldammer@cox.net
Cork;Rosio;High Point;4 10th St W;27263;336-243-5659;rosio.cork@gmail.com
Korando;Celeste;Lynbrook;7 W Pinhook Rd;11563;516-509-2347;ckorando@hotmail.com
Felger;Twana;Portland;1 Commerce Way;97224;503-939-3153;twana.felger@felger.org
Samu;Estrella;Beloit;64 Lakeview Ave;53511;608-976-7199;estrella@aol.com
Kines;Donte;Worcester;3 Aspen St;1602;508-429-8576;dkines@hotmail.com
Steffensmeier;Tiffiny;Miami;32860 Sierra Rd;33133;305-385-9695;tiffiny_steffensmeier@cox.net
Miceli;Edna;Erie;555 Main St;16502;814-460-2655;emiceli@miceli.org
Kownacki;Sue;Mesquite;2 Se 3rd Ave;75149;972-666-3413;sue@aol.com
Shin;Jesusa;Tullahoma;2239 Shawnee Mission Pky;37388;931-273-8709;jshin@shin.com
Francescon;Rolland;Paterson;2726 Charcot Ave;7501;973-649-2922;rolland@cox.net
Schmierer;Pamella;Homestead;5161 Dorsett Rd;33030;305-420-8970;pamella.schmierer@schmierer.org
Kulzer;Glory;Owings Mills;55892 Jacksonville Rd;21117;410-224-9462;gkulzer@kulzer.org
Palaspas;Shawna;Thousand Oaks;5 N Cleveland Massillon Rd;91362;805-275-3566;shawna_palaspas@palaspas.org
Callaro;Brandon;Honolulu;7 Benton Dr;96819;808-215-6832;brandon_callaro@hotmail.com
Cartan;Scarlet;Albany;9390 S Howell Ave;31701;229-735-3378;scarlet.cartan@yahoo.com
Menter;Oretha;Boston;8 County Center Dr #647;2210;617-418-5043;oretha_menter@yahoo.com
Smith;Ty;Hackensack;4646 Kaahumanu St;7601;201-672-1553;tsmith@aol.com
Rochin;Xuan;San Mateo;2 Monroe St;94403;650-933-5072;xuan@gmail.com
Dilello;Lindsey;Ontario;52777 Leaders Heights Rd;91761;909-639-9887;lindsey.dilello@hotmail.com
Perez;Devora;Oakland;72868 Blackington Ave;94606;510-955-3016;devora_perez@perez.org
Demesa;Herman;Troy;9 Norristown Rd;12180;518-497-2940;hdemesa@cox.net
Papasergi;Rory;Clarks Summit;83 County Road 437 #8581;18411;570-867-7489;rpapasergi@cox.net
Riopelle;Talia;Orange;1 N Harlem Ave #9;7050;973-245-2133;talia_riopelle@aol.com
Shire;Van;Pittstown;90131 J St;8867;908-409-2890;van.shire@shire.com
Lary;Lucina;Cocoa;8597 W National Ave;32922;321-749-4981;lucina_lary@cox.net
Isaacs;Bok;Bronx;6 Gilson St;10468;718-809-3762;bok.isaacs@aol.com
Spickerman;Rolande;Pearl City;65 W Maple Ave;96782;808-315-3077;rolande.spickerman@spickerman.com
Paulas;Howard;Denver;866 34th Ave;80231;303-623-4241;hpaulas@gmail.com
Madarang;Kimbery;Rockaway;798 Lund Farm Way;7866;973-310-1634;kimbery_madarang@cox.net
Manno;Thurman;Absecon;9387 Charcot Ave;8201;609-524-3586;thurman.manno@yahoo.com
Mirafuentes;Becky;Plainfield;30553 Washington Rd;7062;908-877-8409;becky.mirafuentes@mirafuentes.com
Corrington;Beatriz;Middleboro;481 W Lemon St;2346;508-584-4279;beatriz@yahoo.com
Maybury;Marti;Chicago;4 Warehouse Point Rd #7;60638;773-775-4522;marti.maybury@yahoo.com
Gotter;Nieves;Portland;4940 Pulaski Park Dr;97202;503-527-5274;nieves_gotter@gmail.com
Hagele;Leatha;Dallas;627 Walford Ave;75227;214-339-1809;lhagele@cox.net
Klimek;Valentin;Chicago;137 Pioneer Way;60604;312-303-5453;vklimek@klimek.org
Wiklund;Melissa;Findlay;61 13 Stoneridge #835;45840;419-939-3613;melissa@cox.net
Zane;Sheridan;Riverside;2409 Alabama Rd;92501;951-645-3605;sheridan.zane@zane.com
Padilla;Bulah;Waco;8927 Vandever Ave;76707;254-463-4368;bulah_padilla@hotmail.com
Kohnert;Audra;Nashville;134 Lewis Rd;37211;615-406-7854;audra@kohnert.com
Weirather;Daren;Milwaukee;9 N College Ave #3;53216;414-959-2540;dweirather@aol.com
Jillson;Fernanda;Preston;60480 Old Us Highway 51;21655;410-387-5260;fjillson@aol.com
Gellinger;Gearldine;Irving;4 Bloomfield Ave;75061;972-934-6914;gearldine_gellinger@gellinger.com
Kitzman;Chau;Beverly Hills;429 Tiger Ln;90212;310-560-8022;chau@gmail.com
Frey;Theola;Massapequa;54169 N Main St;11758;516-948-5768;theola_frey@frey.com
Haroldson;Cheryl;Atlantic City;92 Main St;8401;609-518-7697;cheryl@haroldson.org
Merced;Laticia;Cincinnati;72 Mannix Dr;45203;513-508-7371;lmerced@gmail.com
Batman;Carissa;Eugene;12270 Caton Center Dr;97401;541-326-4074;carissa.batman@yahoo.com
Craghead;Lezlie;Smithfield;749 W 18th St #45;27577;919-533-3762;lezlie.craghead@craghead.org
Shealy;Ozell;New York;8 Industry Ln;10002;212-332-8435;oshealy@hotmail.com
Parvis;Arminda;Phoenix;1 Huntwood Ave;85017;602-906-9419;arminda@parvis.com
Leto;Reita;Indianapolis;55262 N French Rd;46240;317-234-1135;reita.leto@gmail.com
Luczki;Yolando;Syracuse;422 E 21st St;13214;315-304-4759;yolando@cox.net
Stem;Lizette;Cherry Hill;501 N 19th Ave;8002;856-487-5412;lizette.stem@aol.com
Pawlowicz;Gregoria;Garden City;455 N Main Ave;11530;516-212-1915;gpawlowicz@yahoo.com
Deleo;Carin;Little Rock;1844 Southern Blvd;72202;501-308-1040;cdeleo@deleo.com
Maynerich;Chantell;Saint Paul;2023 Greg St;55101;651-591-2583;chantell@yahoo.com
Yum;Dierdre;Philadelphia;63381 Jenks Ave;19134;215-325-3042;dyum@yahoo.com
Gudroe;Larae;Houma;6651 Municipal Rd;70360;985-890-7262;larae_gudroe@gmail.com
Tolfree;Latrice;Ronkonkoma;81 Norris Ave #525;11779;631-957-7624;latrice.tolfree@hotmail.com
Theodorov;Kerry;Sacramento;6916 W Main St;95827;916-591-3277;kerry.theodorov@gmail.com
Hidvegi;Dorthy;Boise;9635 S Main St;83704;208-649-2373;dhidvegi@yahoo.com
Lungren;Fannie;Round Rock;17 Us Highway 111;78664;512-587-5746;fannie.lungren@yahoo.com
Radde;Evangelina;Philadelphia;992 Civic Center Dr;19123;215-964-3284;evangelina@aol.com
Degroot;Novella;Hilo;303 N Radcliffe St;96720;808-477-4775;novella_degroot@degroot.org
Hoa;Clay;Reno;73 Saint Ann St #86;89502;775-501-8109;choa@hoa.org
Fallick;Jennifer;Wheeling;44 58th St;60090;847-979-9545;jfallick@yahoo.com
Wolfgramm;Irma;Randolph;9745 W Main St;7869;973-545-7355;irma.wolfgramm@hotmail.com
Coody;Eun;Spartanburg;84 Bloomfield Ave;29301;864-256-3620;eun@yahoo.com
Cousey;Sylvia;Hampstead;287 Youngstown Warren Rd;21074;410-209-9545;sylvia_cousey@cousey.org
Wrinkles;Nana;Mount Vernon;6 Van Buren St;10553;914-855-2115;nana@aol.com
Springe;Layla;New York;229 N Forty Driv;10011;212-260-3151;layla.springe@cox.net
Degonia;Joesph;Berkeley;2887 Knowlton St #5435;94710;510-677-9785;joesph_degonia@degonia.org
Boord;Annabelle;Concord;523 Marquette Ave;1742;978-697-6263;annabelle.boord@cox.net
Vinning;Stephaine;San Francisco;3717 Hamann Industrial Pky;94104;415-767-6596;stephaine@cox.net
Sawchuk;Nelida;Paramus;3 State Route 35 S;7652;201-971-1638;nelida@gmail.com
Hiatt;Marguerita;Oakley;82 N Highway 67;94561;925-634-7158;marguerita.hiatt@gmail.com
Cookey;Carmela;Chicago;9 Murfreesboro Rd;60623;773-494-4195;ccookey@cookey.org
Brideau;Junita;Cedar Grove;6 S Broadway St;7009;973-943-3423;jbrideau@aol.com
Varriano;Claribel;Perrysburg;6 Harry L Dr #6327;43551;419-544-4900;claribel_varriano@cox.net
Skursky;Benton;Gardena;47939 Porter Ave;90248;310-579-2907;benton.skursky@aol.com
Skulski;Hillary;Homosassa;9 Wales Rd Ne #914;34448;352-242-2570;hillary.skulski@aol.com
Bayless;Merilyn;Santa Clara;195 13n N;95054;408-758-5015;merilyn_bayless@cox.net
Ennaco;Teri;Hazleton;99 Tank Farm Rd;18201;570-889-5187;tennaco@gmail.com
Lawler;Merlyn;Jersey City;4671 Alemany Blvd;7304;201-588-7810;merlyn_lawler@hotmail.com
Montezuma;Georgene;San Ramon;98 University Dr;94583;925-615-5185;gmontezuma@cox.net
Mconnell;Jettie;Bridgewater;50 E Wacker Dr;8807;908-802-3564;jmconnell@hotmail.com
Latzke;Lemuel;Bohemia;70 Euclid Ave #722;11716;631-748-6479;lemuel.latzke@gmail.com
Knipp;Melodie;Thousand Oaks;326 E Main St #6496;91362;805-690-1682;mknipp@gmail.com
Corbley;Candida;Somerville;406 Main St;8876;908-275-8357;candida_corbley@hotmail.com
Karpin;Karan;Beaverton;3 Elmwood Dr;97005;503-940-8327;karan_karpin@gmail.com
Scheyer;Andra;Salem;9 Church St;97302;503-516-2189;andra@gmail.com
Poullion;Felicidad;Riverton;9939 N 14th St;8077;856-305-9731;fpoullion@poullion.com
Strassner;Belen;Douglasville;5384 Southwyck Blvd;30135;770-507-8791;belen_strassner@aol.com
Melnyk;Gracia;Jacksonville;97 Airport Loop Dr;32216;904-235-3633;gracia@melnyk.com
Hanafan;Jolanda;Bangor;37855 Nolan Rd;4401;207-458-9196;jhanafan@gmail.com
Toyama;Barrett;Kennedale;4252 N Washington Ave #9;76060;817-765-5781;barrett.toyama@toyama.org
Fredicks;Helga;Buffalo;42754 S Ash Ave;14228;716-752-4114;helga_fredicks@yahoo.com
Pinilla;Ashlyn;Opa Locka;703 Beville Rd;33054;305-670-9628;apinilla@cox.net
Agramonte;Fausto;New York;5 Harrison Rd;10038;212-313-1783;fausto_agramonte@yahoo.com
Caiafa;Ronny;Philadelphia;73 Southern Blvd;19103;215-605-7570;ronny.caiafa@caiafa.org
Limmel;Marge;Crestview;189 Village Park Rd;32536;850-430-1663;marge@gmail.com
Waymire;Norah;San Francisco;6 Middlegate Rd #106;94107;415-306-7897;norah.waymire@gmail.com
Baltimore;Aliza;San Jose;1128 Delaware St;95132;408-504-3552;aliza@aol.com
Pelkowski;Mozell;South San Francisco;577 Parade St;94080;650-947-1215;mpelkowski@pelkowski.org
Bitsuie;Viola;Northridge;70 Mechanic St;91325;818-864-4875;viola@gmail.com
Emard;Franklyn;Philadelphia;4379 Highway 116;19103;215-558-8189;femard@emard.com
Konopacki;Willodean;Lafayette;55 Hawthorne Blvd;70506;337-253-8384;willodean_konopacki@konopacki.org
Silvestrini;Beckie;Dearborn;7116 Western Ave;48126;313-533-4884;beckie.silvestrini@silvestrini.com
Gesick;Rebecka;Austin;2026 N Plankinton Ave #3;78754;512-213-8574;rgesick@gesick.org
Blunk;Frederica;Dallas;99586 Main St;75207;214-428-2285;frederica_blunk@gmail.com
Bartolet;Glen;Vashon;8739 Hudson St;98070;206-697-5796;glen_bartolet@hotmail.com
Gochal;Freeman;Coatesville;383 Gunderman Rd #197;19320;610-476-3501;freeman_gochal@aol.com
Meinerding;Vincent;Philadelphia;4441 Point Term Mkt;19143;215-372-1718;vincent.meinerding@hotmail.com
Bevelacqua;Rima;Gardena;2972 Lafayette Ave;90248;310-858-5079;rima@cox.net
Sarbacher;Glendora;Rohnert Park;2140 Diamond Blvd;94928;707-653-8214;gsarbacher@gmail.com
Steier;Avery;Orlando;93 Redmond Rd #492;32803;407-808-9439;avery@cox.net
Lother;Cristy;Escondido;3989 Portage Tr;92025;760-971-4322;cristy@lother.com
Brossart;Nicolette;Westborough;1 Midway Rd;1581;508-837-9230;nicolette_brossart@brossart.com
Modzelewski;Tracey;Conroe;77132 Coon Rapids Blvd Nw;77301;936-264-9294;tracey@hotmail.com
Tegarden;Virgina;Milwaukee;755 Harbor Way;53226;414-214-8697;virgina_tegarden@tegarden.com
Frankel;Tiera;El Monte;87 Sierra Rd;91731;626-636-4117;tfrankel@aol.com
Bergesen;Alaine;Yonkers;7667 S Hulen St #42;10701;914-300-9193;alaine_bergesen@cox.net
Mai;Earleen;Dallas;75684 S Withlapopka Dr #32;75227;214-289-1973;earleen_mai@cox.net
Gobern;Leonida;Biloxi;5 Elmwood Park Blvd;39530;228-235-5615;leonida@gobern.org
Auffrey;Ressie;Miami;23 Palo Alto Sq;33134;305-604-8981;ressie.auffrey@yahoo.com
Mugnolo;Justine;New York;38062 E Main St;10048;212-304-9225;jmugnolo@yahoo.com
Saulter;Eladia;Ramsey;3958 S Dupont Hwy #7;7446;201-474-4924;eladia@saulter.com
Malvin;Chaya;Ann Arbor;560 Civic Center Dr;48103;734-928-5182;chaya@malvin.com
Suffield;Gwenn;Deer Park;3270 Dequindre Rd;11729;631-258-6558;gwenn_suffield@suffield.org
Karpel;Salena;Canton;1 Garfield Ave #7;44707;330-791-8557;skarpel@cox.net
Fishburne;Yoko;New Haven;9122 Carpenter Ave;6511;203-506-4706;yoko@fishburne.com
Moyd;Taryn;Fairfax;48 Lenox St;22030;703-322-4041;taryn.moyd@hotmail.com
Polidori;Katina;Wilmington;5 Little River Tpke;1887;978-626-2978;katina_polidori@aol.com
Plumer;Rickie;Toledo;3 N Groesbeck Hwy;43613;419-693-1334;rickie.plumer@aol.com
Loader;Alex;Tacoma;37 N Elm St #916;98409;253-660-7821;alex@loader.com
Vizarro;Lashon;Roseville;433 Westminster Blvd #590;95661;916-741-7884;lashon@aol.com
Burnard;Lauran;Riverton;66697 Park Pl #3224;82501;307-342-7795;lburnard@burnard.com
Setter;Ceola;Warren;96263 Greenwood Pl;4864;207-627-7565;ceola.setter@setter.org
Rantanen;My;Richboro;8 Mcarthur Ln;18954;215-491-5633;my@hotmail.com
Worlds;Lorrine;Tampa;8 Fair Lawn Ave;33614;813-769-2939;lorrine.worlds@worlds.com
Sturiale;Peggie;El Cajon;9 N 14th St;92020;619-608-1763;peggie@cox.net
Raymo;Marvel;College Station;9 Vanowen St;77840;979-718-8968;mraymo@yahoo.com
Dinos;Daron;Highland Park;18 Waterloo Geneva Rd;60035;847-233-3075;daron_dinos@cox.net
Fritz;An;Atlantic City;506 S Hacienda Dr;8401;609-228-5265;an_fritz@hotmail.com
Stimmel;Portia;Bridgewater;3732 Sherman Ave;8807;908-722-7128;portia.stimmel@aol.com
Aredondo;Rhea;Brooklyn;25657 Live Oak St;11226;718-560-9537;rhea_aredondo@cox.net
Sama;Benedict;Saint Louis;4923 Carey Ave;63104;314-787-1588;bsama@cox.net
Arias;Alyce;Stockton;3196 S Rider Trl;95207;209-317-1801;alyce@arias.org
Berganza;Heike;Little Falls;3 Railway Ave #75;7424;973-936-5095;heike@gmail.com
Dopico;Carey;Indianapolis;87393 E Highland Rd;46220;317-578-2453;carey_dopico@dopico.org
Hellickson;Dottie;Seattle;67 E Chestnut Hill Rd;98133;206-540-6076;dottie@hellickson.org
Hughey;Deandrea;Burlington;33 Lewis Rd #46;27215;336-822-7652;deandrea@yahoo.com
Duenas;Kimberlie;Hays;8100 Jacksonville Rd #7;67601;785-629-8542;kimberlie_duenas@yahoo.com
Staback;Martina;Orlando;7 W Wabansia Ave #227;32822;407-471-6908;martina_staback@staback.com
Fillingim;Skye;Minneapolis;25 Minters Chapel Rd #9;55401;612-508-2655;skye_fillingim@yahoo.com
Farrar;Jade;Columbia;6882 Torresdale Ave;29201;803-352-5387;jade.farrar@yahoo.com
Hamilton;Charlene;Santa Rosa;985 E 6th Ave;95407;707-300-1771;charlene.hamilton@hotmail.com
Acey;Geoffrey;Palatine;7 West Ave #1;60067;847-222-1734;geoffrey@gmail.com
Westerbeck;Stevie;Costa Mesa;26659 N 13th St;92626;949-867-4077;stevie.westerbeck@yahoo.com
Fortino;Pamella;Denver;669 Packerland Dr #1438;80212;303-404-2210;pamella@fortino.com
Haufler;Harrison;New Haven;759 Eldora St;6515;203-801-6193;hhaufler@hotmail.com
Engelberg;Johnna;Bothell;5 S Colorado Blvd #449;98021;425-986-7573;jengelberg@engelberg.org
Cloney;Buddy;Strongsville;944 Gaither Dr;44136;440-989-5826;buddy.cloney@yahoo.com
Riden;Dalene;Plaistow;66552 Malone Rd;3865;603-315-6839;dalene.riden@aol.com
Zurcher;Jerry;Satellite Beach;77 Massillon Rd #822;32937;321-518-5938;jzurcher@zurcher.org
Denooyer;Haydee;New York;25346 New Rd;10016;212-792-8658;hdenooyer@denooyer.org
Cryer;Joseph;Huntington Beach;60 Fillmore Ave;92647;714-584-2237;joseph_cryer@cox.net
Kippley;Deonna;Southfield;57 Haven Ave #90;48075;248-913-4677;deonna_kippley@hotmail.com
Calvaresi;Raymon;Indianapolis;6538 E Pomona St #60;46222;317-825-4724;raymon.calvaresi@gmail.com
Bubash;Alecia;Wichita Falls;6535 Joyce St;76301;940-276-7922;alecia@aol.com
Layous;Ma;North Haven;78112 Morris Ave;6473;203-721-3388;mlayous@hotmail.com
Coyier;Detra;Aberdeen;96950 Hidden Ln;21001;410-739-9277;detra@aol.com
Rodeigues;Terrilyn;New Orleans;3718 S Main St;70130;504-463-4384;terrilyn.rodeigues@cox.net
Lacovara;Salome;Richmond;9677 Commerce Dr;23219;804-550-5097;slacovara@gmail.com
Keetch;Garry;Southampton;5 Green Pond Rd #4;18966;215-979-8776;garry_keetch@hotmail.com
Neither;Matthew;Shakopee;636 Commerce Dr #42;55379;952-651-7597;mneither@yahoo.com
Restrepo;Theodora;Miami;42744 Hamann Industrial Pky #82;33136;305-936-8226;theodora.restrepo@restrepo.com
Kalafatis;Noah;Milwaukee;1950 5th Ave;53209;414-263-5287;noah.kalafatis@aol.com
Sweigard;Carmen;Somerset;61304 N French Rd;8873;732-941-2621;csweigard@sweigard.com
Hengel;Lavonda;Fargo;87 Imperial Ct #79;58102;701-898-2154;lavonda@cox.net
Stoltzman;Junita;Carson City;94 W Dodge Rd;89701;775-638-9963;junita@aol.com
Nicolozakes;Herminia;Scottsdale;4 58th St #3519;85254;602-954-5141;herminia@nicolozakes.org
Good;Casie;Nashville;5221 Bear Valley Rd;37211;615-390-2251;casie.good@aol.com
Maisto;Reena;Salisbury;9648 S Main;21801;410-351-1863;reena@hotmail.com
Mallett;Mirta;New York;7 S San Marcos Rd;10004;212-870-1286;mirta_mallett@gmail.com
Pontoriero;Cathrine;Amarillo;812 S Haven St;79109;806-703-1435;cathrine.pontoriero@pontoriero.com
Tawil;Filiberto;Los Angeles;3882 W Congress St #799;90016;323-765-2528;ftawil@hotmail.com
Upthegrove;Raul;La Mesa;4 E Colonial Dr;91942;619-509-5282;rupthegrove@yahoo.com
Candlish;Sarah;Atlanta;45 2nd Ave #9759;30328;770-732-1194;sarah.candlish@gmail.com
Treston;Lucy;Worcester;57254 Brickell Ave #372;1602;508-769-5250;lucy@cox.net
Aquas;Judy;Niles;8977 Connecticut Ave Nw #3;49120;269-756-7222;jaquas@aquas.com
Tjepkema;Yvonne;Fairfield;9 Waydell St;7004;973-714-1721;yvonne.tjepkema@hotmail.com
Lace;Kayleigh;Lafayette;43 Huey P Long Ave;70508;337-740-9323;kayleigh.lace@yahoo.com
Hirpara;Felix;Denver;7563 Cornwall Rd #4462;17517;717-491-5643;felix_hirpara@cox.net
Sweely;Tresa;Valley Park;22 Bridle Ln;63088;314-359-9566;tresa_sweely@hotmail.com
Turinetti;Kristeen;Arlington;70099 E North Ave;76013;817-213-8851;kristeen@gmail.com
Regusters;Jenelle;Tampa;3211 E Northeast Loop;33619;813-932-8715;jregusters@regusters.com
Monterrubio;Renea;Atlanta;26 Montgomery St;30328;770-679-4752;renea@hotmail.com
Matuszak;Olive;Cathedral City;13252 Lighthouse Ave;92234;760-938-6069;olive@aol.com
Reiber;Ligia;Lansing;206 Main St #2804;48933;517-906-1108;lreiber@cox.net
Eschberger;Christiane;Phoenix;96541 W Central Blvd;85034;602-390-4944;christiane.eschberger@yahoo.com
Schirpke;Goldie;Bangor;34 Saint George Ave #2;4401;207-295-7569;goldie.schirpke@yahoo.com
Timenez;Loreta;Clinton;47857 Coney Island Ave;20735;301-696-6420;loreta.timenez@hotmail.com
Hauenstein;Fabiola;York;8573 Lincoln Blvd;17404;717-809-3119;fabiola.hauenstein@hauenstein.org
Perigo;Amie;Mesquite;596 Santa Maria Ave #7913;75150;972-419-7946;amie.perigo@yahoo.com
Brachle;Raina;Butte;3829 Ventura Blvd;59701;406-318-1515;raina.brachle@brachle.org
Canlas;Erinn;Livingston;13 S Hacienda Dr;7039;973-767-3008;erinn.canlas@canlas.com
Lietz;Cherry;Waterford;40 9th Ave Sw #91;48329;248-980-6904;cherry@lietz.com
Vonasek;Kattie;Cleveland;2845 Boulder Crescent St;44103;216-923-3715;kattie@vonasek.org
Scriven;Lilli;Abilene;33 State St;79601;325-631-1560;lilli@aol.com
Tomasulo;Whitley;Fort Worth;2 S 15th St;76107;817-526-4408;whitley.tomasulo@aol.com
Adkin;Barbra;Brooklyn;4 Kohler Memorial Dr;11230;718-201-3751;badkin@hotmail.com
Thyberg;Hermila;Providence;1 Rancho Del Mar Shopping C;2903;401-893-4882;hermila_thyberg@hotmail.com
Flister;Jesusita;Lancaster;3943 N Highland Ave;17601;717-885-9118;jesusita.flister@hotmail.com
Julia;Caitlin;Johnston;5 Williams St;2919;401-948-4982;caitlin.julia@julia.org
Hoffis;Roosevelt;Hialeah;60 Old Dover Rd;33014;305-622-4739;roosevelt.hoffis@aol.com
Halter;Helaine;Jersey City;8 Sheridan Rd;7304;201-832-4168;hhalter@yahoo.com
Martabano;Lorean;San Antonio;85092 Southern Blvd;78204;210-856-4979;lorean.martabano@hotmail.com
Buzick;France;Brooklyn;64 Newman Springs Rd E;11219;718-478-8504;france.buzick@yahoo.com
Ferrario;Justine;Pomona;48 Stratford Ave;91768;909-993-3242;jferrario@hotmail.com
Nabours;Adelina;Cleveland;80 Pittsford Victor Rd #9;44103;216-230-4892;adelina_nabours@gmail.com
Dhamer;Derick;New York;87163 N Main Ave;10013;212-304-4515;ddhamer@cox.net
Dallen;Jerry;Richmond;393 Lafayette Ave;23219;804-762-9576;jerry.dallen@yahoo.com
Ragel;Leota;Trion;99 5th Ave #33;30753;706-221-4243;leota.ragel@gmail.com
Amyot;Jutta;Broussard;49 N Mays St;70518;337-515-1438;jamyot@hotmail.com
Gehrett;Aja;Nutley;993 Washington Ave;7110;973-544-2677;aja_gehrett@hotmail.com
Herritt;Kirk;Vestal;88 15th Ave Ne;13850;607-407-3716;kirk.herritt@aol.com
Mauson;Leonora;Passaic;3381 E 40th Ave;7055;973-412-2995;leonora@yahoo.com
Brucato;Winfred;Moscow;201 Ridgewood Rd;83843;208-252-4552;winfred_brucato@hotmail.com
Nachor;Tarra;San Francisco;39 Moccasin Dr;94104;415-411-1775;tarra.nachor@cox.net
Loder;Corinne;North Attleboro;4 Carroll St;2760;508-942-4186;corinne@loder.org
Labreche;Dulce;Rochester;9581 E Arapahoe Rd;48307;248-357-8718;dulce_labreche@yahoo.com
Keneipp;Kate;Green Bay;33 N Michigan Ave;54301;920-353-6377;kate_keneipp@yahoo.com
Ogg;Kaitlyn;Baltimore;2 S Biscayne Blvd;21230;410-665-4903;kaitlyn.ogg@gmail.com
Saras;Sherita;Colorado Springs;8 Us Highway 22;80937;719-669-1664;sherita.saras@cox.net
Stuer;Lashawnda;Toledo;7422 Martin Ave #8;43607;419-588-8719;lstuer@cox.net
Syrop;Ernest;Hyattsville;94 Chase Rd;20785;301-998-9644;ernest@cox.net
Halsey;Nobuko;New Bedford;8139 I Hwy 10 #92;2745;508-855-9887;nobuko.halsey@yahoo.com
Wolny;Lavonna;Mc Lean;5 Cabot Rd;22102;703-483-1970;lavonna.wolny@hotmail.com
Lizama;Lashaunda;Hanover;3387 Ryan Dr;21076;410-678-2473;llizama@cox.net
Bilden;Mariann;Austin;3125 Packer Ave #9851;78753;512-223-4791;mariann.bilden@aol.com
Rodenberger;Helene;Peoria;347 Chestnut St;85381;623-461-8551;helene@aol.com
Estell;Roselle;Bucyrus;8116 Mount Vernon Ave;44820;419-571-5920;roselle.estell@hotmail.com
Heintzman;Samira;Kent;8772 Old County Rd #5410;98032;206-311-4137;sheintzman@hotmail.com
Meisel;Margart;Cincinnati;868 State St #38;45251;513-617-2362;margart_meisel@yahoo.com
Bennick;Kristofer;Bloomington;772 W River Dr;47404;812-368-1511;kristofer.bennick@yahoo.com
Acuff;Weldon;Arlington Heights;73 W Barstow Ave;60004;847-353-2156;wacuff@gmail.com
Shadrick;Shalon;Brooklyn;61047 Mayfield Ave;11223;718-232-2337;shalon@cox.net
Patak;Denise;Orlando;2139 Santa Rosa Ave;32801;407-446-4358;denise@patak.org
Beech;Louvenia;Beverly Hills;598 43rd St;90210;310-820-2117;louvenia.beech@beech.com
Yaw;Audry;Brandon;70295 Pioneer Ct;33511;813-797-4816;audry.yaw@yaw.org
Ehmann;Kristel;El Paso;92899 Kalakaua Ave;79925;915-452-1290;kristel.ehmann@aol.com
Zepp;Vincenza;El Cajon;395 S 6th St #2;92020;619-603-5125;vzepp@gmail.com
Gwalthney;Elouise;Bladensburg;9506 Edgemore Ave;20710;301-841-5012;egwalthney@yahoo.com
Maillard;Venita;Anaheim;72119 S Walker Ave #63;92801;714-523-6653;venita_maillard@gmail.com
Semidey;Kasandra;Saint Louis;369 Latham St #500;63102;314-732-9131;kasandra_semidey@semidey.com
Discipio;Xochitl;Round Rock;3158 Runamuck Pl;78664;512-233-1831;xdiscipio@gmail.com
Linahan;Maile;Greensboro;9 Plainsboro Rd #598;27409;336-670-2640;mlinahan@yahoo.com
Rauser;Krissy;Coram;8728 S Broad St;11727;631-443-4710;krauser@cox.net
Dubaldi;Pete;Lyndhurst;2215 Prosperity Dr;7071;201-825-2514;pdubaldi@hotmail.com
Paa;Linn;Memphis;1 S Pine St;38112;901-412-4381;linn_paa@paa.com
Wide;Paris;Atlanta;187 Market St;30342;404-505-4445;paris@hotmail.com
Dorshorst;Wynell;Pacifica;94290 S Buchanan St;94044;650-473-1262;wynell_dorshorst@dorshorst.org
Birkner;Quentin;Burnsville;7061 N 2nd St;55337;952-702-7993;qbirkner@aol.com
Kannady;Regenia;Scottsdale;10759 Main St;85260;480-726-1280;regenia.kannady@cox.net
Louissant;Sheron;Long Island City;97 E 3rd St #9;11101;718-976-8610;sheron@aol.com
Funnell;Izetta;Atlanta;82 Winsor St #54;30340;770-844-3447;izetta.funnell@hotmail.com
Butzen;Rodolfo;Northfield;41 Steel Ct;55057;507-210-3510;rodolfo@hotmail.com
Colla;Zona;Norwalk;49440 Dearborn St;6854;203-461-1949;zona@hotmail.com
Zagen;Serina;Fort Wayne;7 S Beverly Dr;46802;260-273-3725;szagen@aol.com
Sahagun;Paz;Meridian;919 Wall Blvd;39307;601-927-8287;paz_sahagun@cox.net
Lukasik;Markus;Sterling Heights;89 20th St E #779;48310;586-970-7380;markus@yahoo.com
Bachman;Jaclyn;Colorado Springs;721 Interstate 45 S;80919;719-853-3600;jaclyn@aol.com
Daufeldt;Cyril;New York;3 Lawton St;10013;212-745-8484;cyril_daufeldt@daufeldt.com
Schnitzler;Gayla;Hayward;38 Pleasant Hill Rd;94545;510-686-3407;gschnitzler@gmail.com
Nievas;Erick;Chicago;45 E Acacia Ct;60624;773-704-9903;erick_nievas@aol.com
Drymon;Jennie;Scranton;63728 Poway Rd #1;18509;570-218-4831;jennie@cox.net
Scipione;Mitsue;Oroville;77 222 Dr;95965;530-986-9272;mscipione@scipione.com
Ventura;Ciara;Port Jervis;53 W Carey St;12771;845-823-8877;cventura@yahoo.com
Cantres;Galen;Brook Park;617 Nw 36th Ave;44142;216-600-6111;galen@yahoo.com
Feichtner;Truman;Bloomfield;539 Coldwater Canyon Ave;7003;973-852-2736;tfeichtner@yahoo.com
Kitty;Gail;Anchorage;735 Crawford Dr;99501;907-435-9166;gail@kitty.com
Schoeneck;Dalene;Philadelphia;910 Rahway Ave;19102;215-268-1275;dalene@schoeneck.org
Witten;Gertude;Cincinnati;7 Tarrytown Rd;45217;513-977-7043;gertude.witten@gmail.com
Kohl;Lizbeth;Gardena;35433 Blake St #588;90248;310-699-1222;lizbeth@yahoo.com
Berray;Glenn;Des Moines;29 Cherry St #7073;50315;515-370-7348;gberray@gmail.com
Klang;Lashandra;King of Prussia;810 N La Brea Ave;19406;610-809-1818;lashandra@yahoo.com
Newville;Lenna;Raleigh;987 Main St;27601;919-623-2524;lnewville@newville.com
Pagliuca;Laurel;Richland;36 Enterprise St Se;99352;509-695-5199;laurel@yahoo.com
Frerking;Mireya;Pelham;8429 Miller Rd;10803;914-868-5965;mireya.frerking@hotmail.com
Tagala;Annelle;Parkville;5 W 7th St;21234;410-757-1035;annelle@yahoo.com
Ketelsen;Dean;Hicksville;2 Flynn Rd;11801;516-847-4418;dean_ketelsen@gmail.com
Munis;Levi;Worcester;2094 Ne 36th Ave;1603;508-456-4907;levi.munis@gmail.com
Ryser;Sylvie;Tulsa;649 Tulane Ave;74105;918-644-9555;sylvie@aol.com
Maile;Sharee;Muskegon;2094 Montour Blvd;49442;231-467-9978;sharee_maile@aol.com
Storment;Cordelia;Lafayette;393 Hammond Dr;70506;337-566-6001;cordelia_storment@aol.com
Mcdoniel;Mollie;Bowling Green;8590 Lake Lizzie Dr;43402;419-975-3182;mollie_mcdoniel@yahoo.com
Mccullan;Brett;La Mesa;87895 Concord Rd;91942;619-461-9984;brett.mccullan@mccullan.com
Pedrozo;Teddy;Bridgeport;46314 Route 130;6610;203-892-3863;teddy_pedrozo@aol.com
Andreason;Tasia;Kearny;4 Cowesett Ave;7032;201-920-9002;tasia_andreason@yahoo.com
Walthall;Hubert;Barberton;95 Main Ave #2;44203;330-903-1345;hubert@walthall.org
Farrow;Arthur;Englewood;28 S 7th St #2824;7631;201-238-5688;arthur.farrow@yahoo.com
Berlanga;Vilma;Grand Rapids;79 S Howell Ave;49546;616-737-3085;vberlanga@berlanga.com
Miro;Billye;Pearl;36 Lancaster Dr Se;39208;601-567-5386;billye_miro@cox.net
Slayton;Glenna;Memphis;2759 Livingston Ave;38118;901-640-9178;glenna_slayton@cox.net
Hudnall;Mitzie;Englewood;17 Jersey Ave;80110;303-402-1940;mitzie_hudnall@yahoo.com
Rodefer;Bernardine;Memphis;2 W Grand Ave;38112;901-901-4726;bernardine_rodefer@yahoo.com
Schmaltz;Staci;Pasadena;18 Coronado Ave #563;91106;626-866-2339;staci_schmaltz@aol.com
Meteer;Nichelle;Chicago;72 Beechwood Ter;60657;773-225-9985;nichelle_meteer@meteer.com
Rhoden;Janine;Astoria;92 Broadway;11103;718-228-5894;jrhoden@yahoo.com
Hoopengardner;Ettie;Richland;39 Franklin Ave;99352;509-755-5393;ettie.hoopengardner@hotmail.com
Jayson;Eden;Baltimore;4 Iwaena St;21202;410-890-7866;eden_jayson@yahoo.com
Auber;Lynelle;Newark;32820 Corkwood Rd;7104;973-860-8610;lynelle_auber@gmail.com
Tomblin;Merissa;Bellflower;34 Raritan Center Pky;90706;562-579-6900;merissa.tomblin@gmail.com
Kaniecki;Golda;Toms River;6201 S Nevada Ave;8755;732-628-9909;golda_kaniecki@yahoo.com
Gleich;Catarina;Denville;78 Maryland Dr #146;7834;973-210-3994;catarina_gleich@hotmail.com
Kiel;Virgie;Denver;76598 Rd  I 95 #1;80216;303-776-7548;vkiel@hotmail.com
Ostolaza;Jolene;Newport News;1610 14th St Nw;23608;757-682-7116;jolene@yahoo.com
Borgman;Keneth;Phoenix;86350 Roszel Rd;85012;602-919-4211;keneth@yahoo.com
Nayar;Rikki;Miami;1644 Clove Rd;33155;305-968-9487;rikki@nayar.com
Sengbusch;Elke;Phoenix;9 W Central Ave;85013;602-896-2993;elke_sengbusch@yahoo.com
Sarao;Hoa;Oak Hill;27846 Lafayette Ave;32759;386-526-7800;hoa@sarao.org
Mcrae;Trinidad;San Francisco;10276 Brooks St;94105;415-331-9634;trinidad_mcrae@yahoo.com
Lueckenbach;Mari;San Diego;1 Century Park E;92110;858-793-9684;mari_lueckenbach@yahoo.com
Husser;Selma;Jersey City;9 State Highway 57 #22;7306;201-991-8369;selma.husser@cox.net
Onofrio;Antione;San Bernardino;4 S Washington Ave;92410;909-430-7765;aonofrio@onofrio.com
Jurney;Luisa;Cambridge;25 Se 176th Pl;2138;617-365-2134;ljurney@hotmail.com
Heimann;Clorinda;Escondido;105 Richmond Valley Rd;92025;760-291-5497;clorinda.heimann@hotmail.com
Wenzinger;Dick;Gardena;22 Spruce St #595;90248;310-510-9713;dick@yahoo.com
Angalich;Ahmed;Harrisburg;2 W Beverly Blvd;17110;717-528-8996;ahmed.angalich@angalich.com
Ohms;Iluminada;Mesa;72 Southern Blvd;85204;480-293-2882;iluminada.ohms@yahoo.com
Leinenbach;Joanna;Lake Worth;1 Washington St;33461;561-470-4574;joanna_leinenbach@hotmail.com
Suell;Caprice;Nashville;90177 N 55th Ave;37211;615-246-1824;caprice@aol.com
Myricks;Stephane;Burlington;9 Tower Ave;41005;859-717-7638;stephane_myricks@cox.net
Swayze;Quentin;Milan;278 Bayview Ave;48160;734-561-6170;quentin_swayze@yahoo.com
Castros;Annmarie;Conroe;80312 W 32nd St;77301;936-751-7961;annmarie_castros@gmail.com
Greenbush;Shonda;Clifton;82 Us Highway 46;7011;973-482-2430;shonda_greenbush@cox.net
Lapage;Cecil;Union City;4 Stovall St #72;7087;201-693-3967;clapage@lapage.com
Claucherty;Jeanice;Miami;19 Amboy Ave;33142;305-988-4162;jeanice.claucherty@yahoo.com
Villanueva;Josphine;Moss;63 Smith Ln #8343;38575;931-553-9774;josphine_villanueva@villanueva.com
Perruzza;Daniel;Santa Ana;11360 S Halsted St;92705;714-771-3880;dperruzza@perruzza.com
Wildfong;Cassi;Rolling Meadows;26849 Jefferson Hwy;60008;847-633-3216;cassi.wildfong@aol.com
Galam;Britt;Hatfield;2500 Pringle Rd Se #508;19440;215-888-3304;britt@galam.org
Lipkin;Adell;Whippany;65 Mountain View Dr;7981;973-654-1561;adell.lipkin@lipkin.com
Rowling;Jacqueline;Erie;1 N San Saba;16501;814-865-8113;jacqueline.rowling@yahoo.com
Weglarz;Lonny;Salt Lake City;51120 State Route 18;84115;801-293-9853;lonny_weglarz@gmail.com
Diestel;Lonna;Fayetteville;1482 College Ave;28301;910-922-3672;lonna_diestel@gmail.com
Samara;Cristal;Los Angeles;4119 Metropolitan Dr;90021;213-975-8026;cristal@cox.net
Grenet;Kenneth;East Lansing;2167 Sierra Rd;48823;517-499-2322;kenneth.grenet@grenet.org
Mclaird;Elli;Utica;6 Sunrise Ave;13501;315-818-2638;emclaird@mclaird.com
Jeanty;Alline;South Bend;55713 Lake City Hwy;46601;574-656-2800;ajeanty@gmail.com
Eanes;Sharika;Orlando;75698 N Fiesta Blvd;32806;407-312-1691;sharika.eanes@aol.com
Mcnease;Nu;Harrison;88 Sw 28th Ter;7029;973-751-9003;nu@gmail.com
Comnick;Daniela;Trenton;7 Flowers Rd #403;8611;609-200-8577;dcomnick@cox.net
Colaizzo;Cecilia;Madison;4 Nw 12th St #3849;53717;608-382-4541;cecilia_colaizzo@colaizzo.com
Threets;Leslie;Katonah;2 A Kelley Dr;10536;914-861-9748;leslie@cox.net
Koppinger;Nan;Greensboro;88827 Frankford Ave;27401;336-370-5333;nan@koppinger.com
Dewar;Izetta;Baltimore;2 W Scyene Rd #3;21217;410-473-1708;idewar@dewar.com
Arceo;Tegan;Monroe Township;62260 Park Stre;8831;732-730-2692;tegan.arceo@arceo.org
Keener;Ruthann;Kerrville;3424 29th St Se;78028;830-258-2769;ruthann@hotmail.com
Breland;Joni;Elk Grove Village;35 E Main St #43;60007;847-519-5906;joni_breland@cox.net
Rentfro;Vi;Freehold;7163 W Clark Rd;7728;732-605-4781;vrentfro@cox.net
Kardas;Colette;Omaha;21575 S Apple Creek Rd;68124;402-896-5943;colette.kardas@yahoo.com
Tromblay;Malcolm;Annandale;747 Leonis Blvd;22003;703-221-5602;malcolm_tromblay@cox.net
Harnos;Ryan;Plano;13 Gunnison St;75075;972-558-1665;ryan@cox.net
Chaffins;Jess;New York;18 3rd Ave;10016;212-510-4633;jess.chaffins@chaffins.org
Bourbon;Sharen;Syosset;62 W Austin St;11791;516-816-1541;sbourbon@yahoo.com
Juvera;Nickolas;Crystal River;177 S Rider Trl #52;34429;352-598-8301;nickolas_juvera@cox.net
Nunlee;Gary;Fortville;2 W Mount Royal Ave;46040;317-542-6023;gary_nunlee@nunlee.org
Devreese;Diane;Saint Joseph;1953 Telegraph Rd;64504;816-557-9673;diane@cox.net
Chavous;Roslyn;Jackson;63517 Dupont St;39211;601-234-9632;roslyn.chavous@chavous.org
Schieler;Glory;Abilene;5 E Truman Rd;79602;325-869-2649;glory@yahoo.com
Sayaphon;Rasheeda;Saratoga;251 Park Ave #979;95070;408-805-4309;rasheeda@aol.com
Palaia;Alpha;Cherry Hill;43496 Commercial Dr #29;8003;856-312-2629;alpha@yahoo.com
Jacobos;Refugia;Hayward;2184 Worth St;94545;510-974-8671;refugia.jacobos@jacobos.com
Yori;Shawnda;Longwood;50126 N Plankinton Ave;32750;407-538-5106;shawnda.yori@yahoo.com
Delasancha;Mona;Cheyenne;38773 Gravois Ave;82001;307-403-1488;mdelasancha@hotmail.com
Liukko;Gilma;Garden City;16452 Greenwich St;11530;516-393-9967;gilma_liukko@gmail.com
Gabisi;Janey;Madison;40 Cambridge Ave;53715;608-967-7194;jgabisi@hotmail.com
Paskin;Lili;Kearny;20113 4th Ave E;7032;201-431-2989;lili.paskin@cox.net
Asar;Loren;Old Forge;6 Ridgewood Center Dr;18518;570-648-3035;loren.asar@aol.com
Chesterfield;Dorothy;San Diego;469 Outwater Ln;92126;858-617-7834;dorothy@cox.net
Similton;Gail;Thousand Palms;62 Monroe St;92276;760-616-5388;gail_similton@similton.com
Tillotson;Catalina;Margate City;3338 A Lockport Pl #6;8402;609-373-3332;catalina@hotmail.com
Lorens;Lawrence;Providence;9 Hwy;2906;401-465-6432;lawrence.lorens@hotmail.com
Boulter;Carlee;Abilene;8284 Hart St;67410;785-347-1805;carlee.boulter@hotmail.com
Ankeny;Thaddeus;Roseville;5 Washington St #1;95678;916-920-3571;tankeny@ankeny.org
Oles;Jovita;Daytona Beach;8 S Haven St;32114;386-248-4118;joles@gmail.com
Hixenbaugh;Alesia;Washington;9 Front St;20001;202-646-7516;alesia_hixenbaugh@hixenbaugh.org
Harabedian;Lai;Novato;1933 Packer Ave #2;94945;415-423-3294;lai@gmail.com
Gillaspie;Brittni;Boise;67 Rv Cent;83709;208-709-1235;bgillaspie@gillaspie.com
Kampa;Raylene;Elkhart;2 Sw Nyberg Rd;46514;574-499-1454;rkampa@kampa.org
Bookamer;Flo;Alliance;89992 E 15th St;69301;308-726-2182;flo.bookamer@cox.net
Biddy;Jani;Seattle;61556 W 20th Ave;98104;206-711-6498;jbiddy@yahoo.com
Motley;Chauncey;Orlando;63 E Aurora Dr;32804;407-413-4842;chauncey_motley@aol.com
